,names,types,nums,publishs,locations
0,22989-腾讯云数据库研发高级工程师(北京/深圳/成都),技术类,1,2019-01-09,北京
1,22989-腾讯云数据库研发高级工程师(北京/深圳/成都),技术类,1,2019-01-09,北京
2,22989-腾讯云数据库研发高级工程师(北京/深圳/成都),技术类,1,2019-01-09,北京
3,22989-腾讯云数据库研发高级工程师(北京/深圳/成都),技术类,1,2019-01-09,北京
4,22989-腾讯云数据库研发高级工程师(北京/深圳/成都),技术类,1,2019-01-09,北京
5,22989-腾讯云数据库研发高级工程师(北京/深圳/成都),技术类,1,2019-01-09,北京
6,22989-腾讯云数据库研发高级工程师(北京/深圳/成都),技术类,1,2019-01-09,北京
7,22989-腾讯云数据库研发高级工程师(北京/深圳/成都),技术类,1,2019-01-09,北京
8,22989-腾讯云数据库研发高级工程师(北京/深圳/成都),技术类,1,2019-01-09,北京
9,22989-腾讯云数据库研发高级工程师(北京/深圳/成都),技术类,1,2019-01-09,北京
10,23671-数据开发工程师（北京）,技术类,2,2019-01-09,北京
11,23671-数据开发工程师（北京）,技术类,2,2019-01-09,北京
12,23671-数据开发工程师（北京）,技术类,2,2019-01-09,北京
13,23671-数据开发工程师（北京）,技术类,2,2019-01-09,北京
14,23671-数据开发工程师（北京）,技术类,2,2019-01-09,北京
15,23671-数据开发工程师（北京）,技术类,2,2019-01-09,北京
16,23671-数据开发工程师（北京）,技术类,2,2019-01-09,北京
17,23671-数据开发工程师（北京）,技术类,2,2019-01-09,北京
18,23671-数据开发工程师（北京）,技术类,2,2019-01-09,北京
19,23671-数据开发工程师（北京）,技术类,2,2019-01-09,北京
20,29777-金融云保险行业售前架构师（北京）,技术类,1,2019-01-09,北京
21,29777-金融云保险行业售前架构师（北京）,技术类,1,2019-01-09,北京
22,29777-金融云保险行业售前架构师（北京）,技术类,1,2019-01-09,北京
23,29777-金融云保险行业售前架构师（北京）,技术类,1,2019-01-09,北京
24,29777-金融云保险行业售前架构师（北京）,技术类,1,2019-01-09,北京
25,29777-金融云保险行业售前架构师（北京）,技术类,1,2019-01-09,北京
26,29777-金融云保险行业售前架构师（北京）,技术类,1,2019-01-09,北京
27,29777-金融云保险行业售前架构师（北京）,技术类,1,2019-01-09,北京
28,29777-金融云保险行业售前架构师（北京）,技术类,1,2019-01-09,北京
29,29777-金融云保险行业售前架构师（北京）,技术类,1,2019-01-09,北京
30,22989-大数据和人工智能交付架构师（北京/深圳）,技术类,1,2019-01-09,北京
31,22989-大数据和人工智能交付架构师（北京/深圳）,技术类,1,2019-01-09,北京
32,22989-大数据和人工智能交付架构师（北京/深圳）,技术类,1,2019-01-09,北京
33,22989-大数据和人工智能交付架构师（北京/深圳）,技术类,1,2019-01-09,北京
34,22989-大数据和人工智能交付架构师（北京/深圳）,技术类,1,2019-01-09,北京
35,22989-大数据和人工智能交付架构师（北京/深圳）,技术类,1,2019-01-09,北京
36,22989-大数据和人工智能交付架构师（北京/深圳）,技术类,1,2019-01-09,北京
37,22989-大数据和人工智能交付架构师（北京/深圳）,技术类,1,2019-01-09,北京
38,22989-大数据和人工智能交付架构师（北京/深圳）,技术类,1,2019-01-09,北京
39,22989-大数据和人工智能交付架构师（北京/深圳）,技术类,1,2019-01-09,北京
40,TEG15-数据库研发高级工程师（北京）,技术类,2,2019-01-09,北京
41,TEG15-数据库研发高级工程师（北京）,技术类,2,2019-01-09,北京
42,TEG15-数据库研发高级工程师（北京）,技术类,2,2019-01-09,北京
43,TEG15-数据库研发高级工程师（北京）,技术类,2,2019-01-09,北京
44,TEG15-数据库研发高级工程师（北京）,技术类,2,2019-01-09,北京
45,TEG15-数据库研发高级工程师（北京）,技术类,2,2019-01-09,北京
46,TEG15-数据库研发高级工程师（北京）,技术类,2,2019-01-09,北京
47,TEG15-数据库研发高级工程师（北京）,技术类,2,2019-01-09,北京
48,TEG15-数据库研发高级工程师（北京）,技术类,2,2019-01-09,北京
